<application>
  <component name="ProjectManager">
    <defaultProject>
      <component name="PropertiesComponent"><![CDATA[{
  "keyToString": {
    "settings.editor.selected.configurable": "AndroidSdkUpdater"
  }
}]]></component>
      <component name="WindowStateProjectService">
        <state x="-1451" y="98" key="SettingsEditor" timestamp="1671544246548">
          <screen x="-1920" y="-73" width="1920" height="1055" />
        </state>
        <state x="-1451" y="98" key="SettingsEditor/0.38.1512.944/-1920.-73.1920.1055" timestamp="1671544246548" />
      </component>
    </defaultProject>
  </component>
</application>