<keymap version="1" name="Felix_custom_macos" parent="Mac OS X 10.5+">
  <action id="AceAction">
    <keyboard-shortcut first-keystroke="ctrl semicolon" />
    <keyboard-shortcut first-keystroke="shift meta j" />
  </action>
  <action id="Android.Designer.ForceRefreshPreview" />
  <action id="CloseAllEditorsButActive">
    <keyboard-shortcut first-keystroke="ctrl meta w" />
  </action>
  <action id="CollapseBlock" />
  <action id="CommentByLineComment">
    <keyboard-shortcut first-keystroke="meta slash" />
    <keyboard-shortcut first-keystroke="meta divide" />
    <keyboard-shortcut first-keystroke="meta y" />
  </action>
  <action id="CopyContentRootPath">
    <keyboard-shortcut first-keystroke="shift ctrl meta alt 1" />
  </action>
  <action id="EditorDeleteToLineStart">
    <keyboard-shortcut first-keystroke="meta alt back_space" />
  </action>
  <action id="ExpandAllRegions">
    <keyboard-shortcut first-keystroke="shift meta add" />
    <keyboard-shortcut first-keystroke="shift meta equals" />
    <keyboard-shortcut first-keystroke="shift meta period" />
  </action>
  <action id="Flutter.Toolbar.ReloadAction">
    <keyboard-shortcut first-keystroke="ctrl circumflex" />
  </action>
  <action id="Flutter.Toolbar.RestartAction">
    <keyboard-shortcut first-keystroke="shift meta back_slash" />
    <keyboard-shortcut first-keystroke="shift dead_circumflex" />
    <keyboard-shortcut first-keystroke="shift circumflex" />
  </action>
  <action id="GotoRelated" />
  <action id="GuiDesigner.QuickJavadoc">
    <keyboard-shortcut first-keystroke="ctrl j" />
    <mouse-shortcut keystroke="control button2" />
  </action>
  <action id="JumpDown 5">
    <keyboard-shortcut first-keystroke="alt 3" />
  </action>
  <action id="JumpUp 5">
    <keyboard-shortcut first-keystroke="alt 2" />
  </action>
  <action id="Kotlin.RunScratch" />
  <action id="MaximizeToolWindow">
    <keyboard-shortcut first-keystroke="ctrl t" />
  </action>
  <action id="MoveTabRight">
    <keyboard-shortcut first-keystroke="ctrl meta right" />
  </action>
  <action id="NextTab">
    <keyboard-shortcut first-keystroke="shift meta close_bracket" />
    <keyboard-shortcut first-keystroke="ctrl dead_circumflex" />
  </action>
  <action id="QuickImplementations">
    <keyboard-shortcut first-keystroke="alt space" />
  </action>
  <action id="QuickJavaDoc">
    <keyboard-shortcut first-keystroke="ctrl j" />
    <mouse-shortcut keystroke="control button2" />
  </action>
  <action id="RenameFile">
    <keyboard-shortcut first-keystroke="alt f2" />
  </action>
  <action id="Terminal.MoveToolWindowTabRight">
    <keyboard-shortcut first-keystroke="ctrl dead_circumflex" />
  </action>
  <action id="TestData.Navigate" />
  <action id="ToggleBookmarkWithMnemonic">
    <keyboard-shortcut first-keystroke="alt f3" />
    <keyboard-shortcut first-keystroke="meta less" />
  </action>
  <action id="Vcs.Log.ShowTooltip">
    <keyboard-shortcut first-keystroke="ctrl j" />
    <mouse-shortcut keystroke="control button2" />
  </action>
  <action id="WebOpenInAction" />
  <action id="android.deploy.ApplyChanges">
    <keyboard-shortcut first-keystroke="ctrl meta e" />
  </action>
  <action id="android.deploy.CodeSwap">
    <keyboard-shortcut first-keystroke="shift ctrl meta e" />
  </action>
  <action id="copilot.cycleNextInlays">
    <keyboard-shortcut first-keystroke="alt close_bracket" />
    <keyboard-shortcut first-keystroke="ctrl period" />
    <keyboard-shortcut first-keystroke="meta #10000e4" />
  </action>
  <action id="copilot.cyclePrevInlays">
    <keyboard-shortcut first-keystroke="alt open_bracket" />
    <keyboard-shortcut first-keystroke="ctrl comma" />
    <keyboard-shortcut first-keystroke="meta number_sign" />
  </action>
  <action id="copilot.requestCompletions">
    <keyboard-shortcut first-keystroke="alt back_slash" />
    <keyboard-shortcut first-keystroke="meta #10000f6" />
  </action>
  <action id="main.toolbar.Project">
    <keyboard-shortcut first-keystroke="ctrl meta down" />
  </action>
  <action id="main.toolbar.git.Branches">
    <keyboard-shortcut first-keystroke="ctrl meta up" />
  </action>
</keymap>